params,ari_mean,ari_std,ari_median,nmi_mean,nmi_std,nmi_median,silhouette_mean,silhouette_std,silhouette_median,davies_bouldin_mean,davies_bouldin_std,davies_bouldin_median,coverage_mean,coverage_std,coverage_median,n_runs_ok,dataset,config_id
"{'grid_scale': 4.0, 'beacon_radius': 12, 'local_beacon_cap': 3, 'n_marker_agents': 3, 'n_transporter_agents': 20, 'tau_percentile': 25, 'iterations': 2500}",0.2814498656994047,0.05090987883692317,0.28032999151988347,0.4533621705429533,0.03267464242823101,0.45680767892293794,-0.14022946442413325,0.04878909022802672,-0.14452248432312131,3.648592704977901,1.05243786854961,3.3522268855043382,0.9991111111111111,0.0028458329944146023,1.0,30,iris,113
"{'grid_scale': 4.0, 'beacon_radius': 12, 'local_beacon_cap': 3, 'n_marker_agents': 10, 'n_transporter_agents': 3, 'tau_percentile': 25, 'iterations': 2500}",0.2770227025169464,0.042781832857148844,0.2638610764044134,0.458790987511249,0.026505957745117836,0.4596624270719062,-0.11430565687811349,0.06724228051438368,-0.1145080589282976,3.3987045729789886,0.8674777878368511,3.1979152708828473,1.0,0.0,1.0,30,iris,115
"{'grid_scale': 4.0, 'beacon_radius': 12, 'local_beacon_cap': 3, 'n_marker_agents': 3, 'n_transporter_agents': 20, 'tau_percentile': 15, 'iterations': 2500}",0.2715308509187304,0.059153628936320195,0.2626467009235638,0.44215294857687126,0.03887482727709284,0.43470689709736005,-0.1462846741392224,0.04397679561735928,-0.14524201628709416,3.440791299705094,0.8469035623004858,3.2999135997158646,0.9973333333333333,0.010832051206181293,1.0,30,iris,112
"{'grid_scale': 4.0, 'beacon_radius': 12, 'local_beacon_cap': 3, 'n_marker_agents': 10, 'n_transporter_agents': 10, 'tau_percentile': 25, 'iterations': 2500}",0.26958073393729853,0.04373333013582117,0.2567987215394653,0.4515313484675365,0.03170626555214655,0.455871270963751,-0.11981820293377785,0.0664324449565995,-0.1179498715049476,3.640709698721713,1.2111471739895776,3.0931972958081673,1.0,0.0,1.0,30,iris,117
"{'grid_scale': 4.0, 'beacon_radius': 12, 'local_beacon_cap': 3, 'n_marker_agents': 3, 'n_transporter_agents': 3, 'tau_percentile': 25, 'iterations': 2500}",0.2694681084459252,0.04978021245509644,0.258805444305369,0.4543698441993626,0.03723188483436036,0.46009167022025094,-0.12735272977833895,0.059107135756673715,-0.13363406874448724,3.4091857779906354,1.0084629781168797,2.943128134649331,0.9997777777777778,0.001196703290474342,1.0,30,iris,109
"{'grid_scale': 4.0, 'beacon_radius': 12, 'local_beacon_cap': 3, 'n_marker_agents': 3, 'n_transporter_agents': 3, 'tau_percentile': 15, 'iterations': 2500}",0.26749804701857854,0.05053057724319127,0.26517046775240777,0.4498790750506495,0.03919235892738973,0.45187551225513267,-0.13346461853069005,0.04918533041168393,-0.13571982579382247,3.6014872580102613,0.7455962710107481,3.6323800487504334,0.9995555555555556,0.002393406580948664,1.0,30,iris,108
"{'grid_scale': 4.0, 'beacon_radius': 12, 'local_beacon_cap': 3, 'n_marker_agents': 10, 'n_transporter_agents': 3, 'tau_percentile': 15, 'iterations': 2500}",0.2661841167583929,0.045173691218863,0.25824676014783854,0.454394005117831,0.03648689346744195,0.45956084961294275,-0.1165374485262913,0.0494486210257374,-0.12630233306422733,3.5760000393351814,0.9300269091834419,3.325722321695655,1.0,0.0,1.0,30,iris,114
"{'grid_scale': 4.0, 'beacon_radius': 12, 'local_beacon_cap': 3, 'n_marker_agents': 3, 'n_transporter_agents': 10, 'tau_percentile': 25, 'iterations': 2500}",0.26507949343191745,0.05345021308534075,0.2540404652468252,0.44957924272920613,0.030634144940469253,0.44763447334554873,-0.13284530768427086,0.06843566839496625,-0.13486281218812302,3.500778138972533,1.1586035307844014,3.1804366955535155,0.9977777777777778,0.009787873575797888,1.0,30,iris,111
"{'grid_scale': 4.0, 'beacon_radius': 12, 'local_beacon_cap': 3, 'n_marker_agents': 20, 'n_transporter_agents': 20, 'tau_percentile': 25, 'iterations': 2500}",0.2647006214097203,0.03612622960749979,0.2613614399705785,0.4464780792821338,0.03084099931380502,0.45154868102407036,-0.1070148431759684,0.047387507518027276,-0.09810802833081053,3.363520893621325,0.8578680838836994,3.221888110344697,1.0,0.0,1.0,30,iris,125
"{'grid_scale': 4.0, 'beacon_radius': 12, 'local_beacon_cap': 3, 'n_marker_agents': 20, 'n_transporter_agents': 3, 'tau_percentile': 25, 'iterations': 2500}",0.26251350770135184,0.03935564713994322,0.2688614622918494,0.44693453655358806,0.03158400029314611,0.45361693624510213,-0.11687212741797595,0.05549734531178085,-0.12161693483260982,3.3982251418447325,0.9098804769093644,3.085832755896316,1.0,0.0,1.0,30,iris,121
"{'grid_scale': 4.0, 'beacon_radius': 12, 'local_beacon_cap': 3, 'n_marker_agents': 10, 'n_transporter_agents': 20, 'tau_percentile': 25, 'iterations': 2500}",0.2620058534104489,0.04176449698900192,0.2567684648579734,0.44792655832725703,0.03248155709456109,0.453014820620312,-0.1077776727786805,0.05849178250059574,-0.11589674242941403,3.1909516859084115,0.6798169761403117,3.1488100578897296,1.0,0.0,1.0,30,iris,119
"{'grid_scale': 4.0, 'beacon_radius': 12, 'local_beacon_cap': 3, 'n_marker_agents': 20, 'n_transporter_agents': 10, 'tau_percentile': 25, 'iterations': 2500}",0.2599856658464244,0.043164118753161805,0.25107337458285295,0.4404261549488114,0.03777922314978505,0.4533951557610165,-0.1193261127641187,0.05074654165729653,-0.12637379291779144,3.264878299297247,0.8104557505583325,3.046406045769691,1.0,0.0,1.0,30,iris,123
"{'grid_scale': 4.0, 'beacon_radius': 12, 'local_beacon_cap': 3, 'n_marker_agents': 10, 'n_transporter_agents': 10, 'tau_percentile': 15, 'iterations': 2500}",0.25916844297969716,0.04535564092201648,0.2495612607610791,0.4454998532131306,0.035589404941086096,0.4498756185806469,-0.12238120408030359,0.0519283401377204,-0.1294977331473392,3.4736808639181893,0.9131834032658692,3.399743980103265,1.0,0.0,1.0,30,iris,116
"{'grid_scale': 4.0, 'beacon_radius': 12, 'local_beacon_cap': 3, 'n_marker_agents': 3, 'n_transporter_agents': 10, 'tau_percentile': 15, 'iterations': 2500}",0.2590166949361626,0.05382178090991666,0.25401301974479784,0.43277159652930713,0.030912726829299686,0.43148085803567754,-0.15956130555175027,0.06007050865703867,-0.16227066395022588,3.5817201534220096,1.0252627663893947,3.5058941104628385,0.9995555555555555,0.0016629588385662073,1.0,30,iris,110
"{'grid_scale': 4.0, 'beacon_radius': 12, 'local_beacon_cap': 3, 'n_marker_agents': 20, 'n_transporter_agents': 20, 'tau_percentile': 15, 'iterations': 2500}",0.2588337854068479,0.03572903278311105,0.2559666662740373,0.4435199962497789,0.03313813801951432,0.4489344107233547,-0.12522078192370964,0.049097758369107763,-0.11841787048032362,3.343274680280466,0.8042808358375757,3.330127394630966,1.0,0.0,1.0,30,iris,124
"{'grid_scale': 4.0, 'beacon_radius': 12, 'local_beacon_cap': 3, 'n_marker_agents': 10, 'n_transporter_agents': 20, 'tau_percentile': 15, 'iterations': 2500}",0.253629519375662,0.046232739505888035,0.24865887262240285,0.4442407442311669,0.044400182761041025,0.44830695397914533,-0.12405781664743615,0.05973738912680367,-0.12283085904116098,3.6562123138761886,1.2610814900866187,3.262787658377605,1.0,0.0,1.0,30,iris,118
"{'grid_scale': 4.0, 'beacon_radius': 12, 'local_beacon_cap': 3, 'n_marker_agents': 20, 'n_transporter_agents': 3, 'tau_percentile': 15, 'iterations': 2500}",0.2519389311820703,0.040878415737919435,0.2483542480825901,0.4392320294716688,0.03343887220444235,0.44342273396273246,-0.1260414701038711,0.046899536051421095,-0.13374641175009042,3.616302091809127,1.1236133989873176,3.3898151480367087,1.0,0.0,1.0,30,iris,120
"{'grid_scale': 4.0, 'beacon_radius': 12, 'local_beacon_cap': 3, 'n_marker_agents': 20, 'n_transporter_agents': 10, 'tau_percentile': 15, 'iterations': 2500}",0.25140380312691335,0.03605051475449819,0.25451973227544267,0.4354122941908953,0.038528105077314384,0.45267583319193194,-0.11659755585392557,0.048813474361928885,-0.1234503089501302,3.2852771196209036,0.8659462652264428,3.2439569197811546,1.0,0.0,1.0,30,iris,122
"{'grid_scale': 4.0, 'beacon_radius': 12, 'local_beacon_cap': 5, 'n_marker_agents': 3, 'n_transporter_agents': 3, 'tau_percentile': 25, 'iterations': 2500}",0.2393111901778492,0.04649766630555097,0.2344507355525,0.4559261206183655,0.024753023508140175,0.45367520302430414,-0.10916028859799673,0.05545328444961054,-0.10822373743062147,2.7173593299432577,0.5773691739194268,2.514621907480517,1.0,0.0,1.0,30,iris,127
"{'grid_scale': 4.0, 'beacon_radius': 12, 'local_beacon_cap': 5, 'n_marker_agents': 10, 'n_transporter_agents': 3, 'tau_percentile': 25, 'iterations': 2500}",0.2381286826933823,0.03995515175665776,0.22708667616814426,0.456334026171722,0.022274621423338185,0.4565011484491375,-0.10092917413945053,0.04395317961436622,-0.09053341292198477,2.777031632238034,0.692070099310206,2.7631743753313653,1.0,0.0,1.0,30,iris,133
"{'grid_scale': 4.0, 'beacon_radius': 12, 'local_beacon_cap': 5, 'n_marker_agents': 10, 'n_transporter_agents': 20, 'tau_percentile': 25, 'iterations': 2500}",0.2352427109992368,0.04130466823300326,0.227697020439885,0.45666584775063185,0.02057599976595554,0.4594454187679281,-0.09954666141115678,0.049710998285583764,-0.08741806693275085,2.691450148430924,0.5326455989062758,2.551037702531226,1.0,0.0,1.0,30,iris,137
"{'grid_scale': 4.0, 'beacon_radius': 12, 'local_beacon_cap': 5, 'n_marker_agents': 3, 'n_transporter_agents': 20, 'tau_percentile': 25, 'iterations': 2500}",0.2321859863750289,0.0423146606751137,0.22192763021070264,0.4569520809197617,0.025399324684581007,0.46573242864177644,-0.1157392399507309,0.044849154436742096,-0.12465279076573413,2.672528711780653,0.420045653425554,2.65206326432798,0.9997777777777778,0.001196703290474342,1.0,30,iris,131
"{'grid_scale': 4.0, 'beacon_radius': 12, 'local_beacon_cap': 5, 'n_marker_agents': 3, 'n_transporter_agents': 10, 'tau_percentile': 25, 'iterations': 2500}",0.23129149680130684,0.04120567675657346,0.21902867825968098,0.452402459278966,0.0226164923275767,0.4522955037458326,-0.10473980266408424,0.04636877720291989,-0.10587479855706564,2.5653605640237984,0.5017107754386296,2.506692661075907,1.0,0.0,1.0,30,iris,129
"{'grid_scale': 4.0, 'beacon_radius': 12, 'local_beacon_cap': 5, 'n_marker_agents': 10, 'n_transporter_agents': 10, 'tau_percentile': 25, 'iterations': 2500}",0.22966273308477758,0.03522322490393301,0.22569013716007127,0.452776221984016,0.02036845643825455,0.4521493291925831,-0.10589043437649036,0.04266675373115074,-0.09772517933496758,2.6903832344438174,0.4998036718990981,2.6848709912654707,1.0,0.0,1.0,30,iris,135
"{'grid_scale': 4.0, 'beacon_radius': 12, 'local_beacon_cap': 5, 'n_marker_agents': 20, 'n_transporter_agents': 20, 'tau_percentile': 25, 'iterations': 2500}",0.2289072378686277,0.030876409276713992,0.21629205409951874,0.4484649736911541,0.01896545529440675,0.4475675731425821,-0.09682954148241005,0.04351842089037767,-0.09656737215265121,2.5237800465475564,0.3844061379645329,2.475558444872971,1.0,0.0,1.0,30,iris,143
"{'grid_scale': 4.0, 'beacon_radius': 12, 'local_beacon_cap': 5, 'n_marker_agents': 10, 'n_transporter_agents': 20, 'tau_percentile': 15, 'iterations': 2500}",0.22782597915032382,0.03429683122612589,0.22201142580169703,0.4582705053731966,0.02518970422771412,0.4559815535743761,-0.11945917883998212,0.0559849613748952,-0.10766409234661697,2.7229683596221355,0.5084315803784395,2.585911555673831,1.0,0.0,1.0,30,iris,136
"{'grid_scale': 4.0, 'beacon_radius': 12, 'local_beacon_cap': 5, 'n_marker_agents': 20, 'n_transporter_agents': 3, 'tau_percentile': 25, 'iterations': 2500}",0.22741670888201831,0.031198576263561813,0.2270220577377713,0.4485874835121923,0.01975511885260683,0.44879254132013113,-0.09148180916280463,0.041986826215376964,-0.08674228346748084,2.5721936439542654,0.46570069728983604,2.395566030336509,1.0,0.0,1.0,30,iris,139
"{'grid_scale': 4.0, 'beacon_radius': 12, 'local_beacon_cap': 5, 'n_marker_agents': 3, 'n_transporter_agents': 3, 'tau_percentile': 15, 'iterations': 2500}",0.22730366413039513,0.04672956040964672,0.2177092694926842,0.45017760733698886,0.025827189607316645,0.44827873420230535,-0.1341591398696692,0.04339517528815489,-0.1396534488660583,2.719591756752105,0.5488997918778691,2.6375393840726473,0.9982222222222222,0.0064252587976893144,1.0,30,iris,126
"{'grid_scale': 4.0, 'beacon_radius': 12, 'local_beacon_cap': 5, 'n_marker_agents': 20, 'n_transporter_agents': 10, 'tau_percentile': 25, 'iterations': 2500}",0.22622905449731723,0.029862676416652644,0.2213196472804798,0.44910541115176184,0.01974470157236796,0.443062089656047,-0.10079744825900722,0.03466057932208145,-0.10143420645634049,2.7650940763316414,0.58072571560404,2.6166300160494753,1.0,0.0,1.0,30,iris,141
"{'grid_scale': 4.0, 'beacon_radius': 12, 'local_beacon_cap': 5, 'n_marker_agents': 3, 'n_transporter_agents': 20, 'tau_percentile': 15, 'iterations': 2500}",0.2260898656016025,0.04923539415632011,0.2181745485815058,0.4523375712143293,0.024548858199475044,0.4477401863850762,-0.14204175194143606,0.04281821843865285,-0.14140082155059142,2.655216110521237,0.43206418227937626,2.6730478616950197,0.9984444444444445,0.008376923033320334,1.0,30,iris,130
"{'grid_scale': 4.0, 'beacon_radius': 12, 'local_beacon_cap': 5, 'n_marker_agents': 10, 'n_transporter_agents': 3, 'tau_percentile': 15, 'iterations': 2500}",0.22593594578746976,0.0303572240802139,0.2232699644482653,0.4602886897314341,0.01931994427697534,0.4594424131085537,-0.11146608107364793,0.03933958527471447,-0.10842470149009613,2.7152554135947993,0.7408837516093477,2.5275001779243227,1.0,0.0,1.0,30,iris,132
"{'grid_scale': 4.0, 'beacon_radius': 12, 'local_beacon_cap': 5, 'n_marker_agents': 3, 'n_transporter_agents': 10, 'tau_percentile': 15, 'iterations': 2500}",0.22570167170285735,0.04640173519886588,0.21557406013335575,0.4518755729133371,0.02528435896571801,0.45236190188429554,-0.15503556986857311,0.04741573405522745,-0.15309742846849064,2.745918233436685,0.7452422662213651,2.6374637451462513,0.9975555555555555,0.010816083132122638,1.0,30,iris,128
"{'grid_scale': 4.0, 'beacon_radius': 12, 'local_beacon_cap': 5, 'n_marker_agents': 20, 'n_transporter_agents': 20, 'tau_percentile': 15, 'iterations': 2500}",0.2247367929747189,0.03412100609094867,0.21438514936032632,0.4546543710179221,0.025913384547532354,0.4581953211028731,-0.11770347939628123,0.05545195375824596,-0.11772533442743055,2.5564681379819563,0.3641642031713142,2.5310447094423223,1.0,0.0,1.0,30,iris,142
"{'grid_scale': 4.0, 'beacon_radius': 12, 'local_beacon_cap': 5, 'n_marker_agents': 10, 'n_transporter_agents': 10, 'tau_percentile': 15, 'iterations': 2500}",0.22401102256857192,0.03190601761284334,0.2226619200255831,0.4532095071529649,0.02048799967299729,0.4541399726668143,-0.12365424738087265,0.041690562547205656,-0.11493170343354558,2.5934525321641897,0.42550413519537333,2.543314212828311,1.0,0.0,1.0,30,iris,134
"{'grid_scale': 4.0, 'beacon_radius': 12, 'local_beacon_cap': 5, 'n_marker_agents': 20, 'n_transporter_agents': 10, 'tau_percentile': 15, 'iterations': 2500}",0.22199065264564186,0.03755222268547033,0.22207489167975022,0.4532953059230144,0.02741882382211613,0.4576791990798548,-0.11132921831154857,0.05381065011775555,-0.10909020203899361,2.6840867718903225,0.5194101822791611,2.612778193087064,1.0,0.0,1.0,30,iris,140
"{'grid_scale': 4.0, 'beacon_radius': 12, 'local_beacon_cap': 5, 'n_marker_agents': 20, 'n_transporter_agents': 3, 'tau_percentile': 15, 'iterations': 2500}",0.221633786146964,0.029372785535659973,0.21789218765226048,0.4539935995134927,0.019728826368897664,0.453715007568017,-0.11569835577355427,0.04000427334963246,-0.115504781991117,2.744857565865787,0.6074440684665632,2.627934072940043,1.0,0.0,1.0,30,iris,138
"{'grid_scale': 4.0, 'beacon_radius': 12, 'local_beacon_cap': 8, 'n_marker_agents': 20, 'n_transporter_agents': 20, 'tau_percentile': 25, 'iterations': 2500}",0.2147179149458783,0.030484563223082465,0.20686300020492854,0.45214222400362075,0.016159733946486447,0.45213527753423277,-0.08158392121667622,0.026957722577177948,-0.08599469400673909,2.1310825268590308,0.2595565184048855,2.089944955111556,1.0,0.0,1.0,30,iris,161
"{'grid_scale': 4.0, 'beacon_radius': 12, 'local_beacon_cap': 8, 'n_marker_agents': 20, 'n_transporter_agents': 3, 'tau_percentile': 25, 'iterations': 2500}",0.21147825777675347,0.028950346772654567,0.2071831155169795,0.45474695641094787,0.01749794881325346,0.4527646277510109,-0.08063789729538044,0.03607453857735126,-0.07504081200932528,2.2188181779760168,0.5039922831391682,2.0446724499551485,1.0,0.0,1.0,30,iris,157
"{'grid_scale': 4.0, 'beacon_radius': 12, 'local_beacon_cap': 8, 'n_marker_agents': 10, 'n_transporter_agents': 20, 'tau_percentile': 25, 'iterations': 2500}",0.21026706233659764,0.03371915923069534,0.20668299738776597,0.45197062145402633,0.020887152475228345,0.45082828265047936,-0.0933058347196041,0.045871553280636974,-0.08810939062871526,2.1539688360522087,0.32366043596717614,2.07702348730761,1.0,0.0,1.0,30,iris,155
"{'grid_scale': 4.0, 'beacon_radius': 12, 'local_beacon_cap': 8, 'n_marker_agents': 3, 'n_transporter_agents': 10, 'tau_percentile': 25, 'iterations': 2500}",0.21002637050898496,0.03860196286161836,0.2007710542756586,0.447778951279644,0.022263812807346357,0.4449893905440834,-0.10916991656854715,0.04079110230981628,-0.10659814167647824,2.3757558656566977,0.42817974981372986,2.3939198541819557,0.996,0.011750492503468707,1.0,30,iris,147
"{'grid_scale': 4.0, 'beacon_radius': 12, 'local_beacon_cap': 8, 'n_marker_agents': 3, 'n_transporter_agents': 3, 'tau_percentile': 25, 'iterations': 2500}",0.2090711953941428,0.03887450316882386,0.19650110965366635,0.4512903568911062,0.021034422857394652,0.44888378582313704,-0.08929132391768123,0.046708460243098944,-0.08203315815149366,2.2883913135227876,0.40029715963004014,2.2519831888695157,0.9982222222222222,0.005946261404559842,1.0,30,iris,145
"{'grid_scale': 4.0, 'beacon_radius': 12, 'local_beacon_cap': 8, 'n_marker_agents': 10, 'n_transporter_agents': 10, 'tau_percentile': 25, 'iterations': 2500}",0.2089074391666577,0.029199582376463105,0.20632220722645905,0.44848031420869533,0.015034102287114166,0.4502648673236884,-0.08582681240608575,0.033549763433010533,-0.08434407650682978,2.170861677355686,0.28386783041068164,2.1421583303510037,1.0,0.0,1.0,30,iris,153
"{'grid_scale': 4.0, 'beacon_radius': 12, 'local_beacon_cap': 8, 'n_marker_agents': 10, 'n_transporter_agents': 3, 'tau_percentile': 25, 'iterations': 2500}",0.208166385884926,0.027940978730917516,0.20267985456113075,0.44806291987713937,0.016200693040363503,0.44610060567015186,-0.08860095961807285,0.03583681124653956,-0.09049969224127968,2.2605096036003984,0.47155702170887764,2.2025814428277983,1.0,0.0,1.0,30,iris,151
"{'grid_scale': 4.0, 'beacon_radius': 12, 'local_beacon_cap': 8, 'n_marker_agents': 20, 'n_transporter_agents': 10, 'tau_percentile': 25, 'iterations': 2500}",0.2054277521835894,0.03313395503396019,0.20231721786539242,0.4490171695742557,0.02093261323623231,0.4486016267297911,-0.08101112067106583,0.03554078702487809,-0.08324718912985415,2.1010067946548663,0.3136739523558092,2.0770425593235586,1.0,0.0,1.0,30,iris,159
"{'grid_scale': 4.0, 'beacon_radius': 12, 'local_beacon_cap': 8, 'n_marker_agents': 3, 'n_transporter_agents': 20, 'tau_percentile': 25, 'iterations': 2500}",0.203168706946704,0.034784985103766805,0.19454597576152133,0.44995039192634617,0.02264176842911338,0.45258587872576317,-0.10849428301688165,0.04729019009976623,-0.11080306515150348,2.3424886941417853,0.3938439363653141,2.238351547198672,1.0,0.0,1.0,30,iris,149
"{'grid_scale': 4.0, 'beacon_radius': 12, 'local_beacon_cap': 8, 'n_marker_agents': 20, 'n_transporter_agents': 20, 'tau_percentile': 15, 'iterations': 2500}",0.19277088994206226,0.025855976383913137,0.18593974298740035,0.4591827534888176,0.015060520352956217,0.4591939502348731,-0.09715011372051012,0.03799106733292991,-0.09859019267901026,2.0084259184477924,0.3459282574785376,1.943037732819092,1.0,0.0,1.0,30,iris,160
"{'grid_scale': 4.0, 'beacon_radius': 12, 'local_beacon_cap': 8, 'n_marker_agents': 3, 'n_transporter_agents': 20, 'tau_percentile': 15, 'iterations': 2500}",0.19074052377609585,0.03831493977579067,0.1908190070232712,0.4562610472700623,0.023445834555565072,0.45656882171937896,-0.11470119633887058,0.04383509228443338,-0.12505719006094046,2.1882406481173486,0.42047060529248753,2.162733019125637,0.9977777777777778,0.0060450980038824174,1.0,30,iris,148
"{'grid_scale': 4.0, 'beacon_radius': 12, 'local_beacon_cap': 8, 'n_marker_agents': 10, 'n_transporter_agents': 3, 'tau_percentile': 15, 'iterations': 2500}",0.1906435234006406,0.02758379335701375,0.183709659574295,0.4607129835345057,0.016036631273156375,0.46199283983060613,-0.1081095438722079,0.03558108608864384,-0.11573012053711837,2.1538409218059953,0.3992843981820342,2.1315723134577054,1.0,0.0,1.0,30,iris,150
"{'grid_scale': 4.0, 'beacon_radius': 12, 'local_beacon_cap': 8, 'n_marker_agents': 20, 'n_transporter_agents': 10, 'tau_percentile': 15, 'iterations': 2500}",0.1877243723759151,0.03080829718497051,0.1826039034443709,0.45626312344519704,0.020640360330618703,0.4593040867270107,-0.09516781233003052,0.039279167950410816,-0.09498279121734932,2.0610420171897443,0.32681851597710687,2.0648276719822194,1.0,0.0,1.0,30,iris,158
"{'grid_scale': 4.0, 'beacon_radius': 12, 'local_beacon_cap': 8, 'n_marker_agents': 3, 'n_transporter_agents': 3, 'tau_percentile': 15, 'iterations': 2500}",0.1873748376523008,0.03336061223742703,0.1774483174528206,0.45632551454409803,0.022797889176429404,0.45664252178735426,-0.12647671835101257,0.04799731543946784,-0.12798815148506282,2.1274749531748354,0.3962630019977665,2.0138692895465384,0.9984444444444445,0.004103596736137652,1.0,30,iris,144
"{'grid_scale': 4.0, 'beacon_radius': 12, 'local_beacon_cap': 8, 'n_marker_agents': 10, 'n_transporter_agents': 10, 'tau_percentile': 15, 'iterations': 2500}",0.18690969112716935,0.024179953601813395,0.18519472736379444,0.45886210281956763,0.0164374705392869,0.45888635853803117,-0.10250812778700359,0.0385325904344989,-0.10040640573614419,2.168715058210383,0.29564850077609556,2.0966669260555504,1.0,0.0,1.0,30,iris,152
"{'grid_scale': 4.0, 'beacon_radius': 12, 'local_beacon_cap': 8, 'n_marker_agents': 20, 'n_transporter_agents': 3, 'tau_percentile': 15, 'iterations': 2500}",0.18687057931234163,0.029357558745530362,0.18097034188726985,0.45800178838962396,0.019583849805485,0.45646805743765273,-0.09710552606486217,0.04007953189209208,-0.091848231395402,2.135296582252678,0.34654275487118064,2.0855002423957014,1.0,0.0,1.0,30,iris,156
"{'grid_scale': 4.0, 'beacon_radius': 12, 'local_beacon_cap': 8, 'n_marker_agents': 3, 'n_transporter_agents': 10, 'tau_percentile': 15, 'iterations': 2500}",0.1863136696735717,0.026374215987216777,0.18653636162107057,0.45483517481033764,0.019273840278819017,0.45502464630959083,-0.11452801104984811,0.03896784901538126,-0.11661758076110512,2.2151893795881468,0.38040741361565017,2.2032578376253333,0.9988888888888888,0.003880944265905113,1.0,30,iris,146
"{'grid_scale': 4.0, 'beacon_radius': 12, 'local_beacon_cap': 8, 'n_marker_agents': 10, 'n_transporter_agents': 20, 'tau_percentile': 15, 'iterations': 2500}",0.18503388520436917,0.028296321516592247,0.1839947250891873,0.45482407851244344,0.01762446519216889,0.4529620117429141,-0.10047477131995429,0.04485157050549846,-0.10102030472925877,2.14640765812015,0.3604918441855176,2.1008094893147553,1.0,0.0,1.0,30,iris,154
"{'grid_scale': 4.0, 'beacon_radius': 8, 'local_beacon_cap': 3, 'n_marker_agents': 20, 'n_transporter_agents': 3, 'tau_percentile': 25, 'iterations': 2500}",0.17019142127362638,0.025530979236821943,0.16786049820560947,0.3986954288886893,0.027717129055033245,0.39723386341321476,-0.21325307148748962,0.04414362900676546,-0.21855609938566684,4.590356137929829,0.9270383889907519,4.5095574957382585,1.0,0.0,1.0,30,iris,67
"{'grid_scale': 4.0, 'beacon_radius': 8, 'local_beacon_cap': 3, 'n_marker_agents': 20, 'n_transporter_agents': 20, 'tau_percentile': 25, 'iterations': 2500}",0.17009530556602584,0.0281726406387418,0.1728846803470978,0.39619388009137974,0.028190951365809607,0.39690863977244134,-0.2245558132847358,0.05098385927731091,-0.22480176399681112,4.444918526914539,0.871776628124301,4.347052832846549,1.0,0.0,1.0,30,iris,71
"{'grid_scale': 4.0, 'beacon_radius': 8, 'local_beacon_cap': 3, 'n_marker_agents': 10, 'n_transporter_agents': 3, 'tau_percentile': 25, 'iterations': 2500}",0.16779131378978832,0.02327934187628192,0.16870547940099156,0.39055392449269455,0.023724049866910422,0.3935138202170859,-0.22738790627581995,0.05308486771213656,-0.2241498397549357,4.314116203829077,0.8540576704785638,4.236224498801958,1.0,0.0,1.0,30,iris,61
"{'grid_scale': 4.0, 'beacon_radius': 8, 'local_beacon_cap': 3, 'n_marker_agents': 10, 'n_transporter_agents': 20, 'tau_percentile': 25, 'iterations': 2500}",0.1656095685711213,0.02730586660973227,0.16594064725836283,0.3933080286331306,0.02348269337298102,0.38894374204212634,-0.22441378357070724,0.043149542968098684,-0.23285342539560555,4.239304656617498,1.1713346923579662,4.10770790776893,1.0,0.0,1.0,30,iris,65
"{'grid_scale': 4.0, 'beacon_radius': 8, 'local_beacon_cap': 3, 'n_marker_agents': 20, 'n_transporter_agents': 3, 'tau_percentile': 15, 'iterations': 2500}",0.16435065941656243,0.02232746922811833,0.16363438999891516,0.39354840888281056,0.028744421431277437,0.4003681091217476,-0.21727941534457423,0.04500263741318664,-0.21131553868762673,4.296193195676648,0.9353772851753558,4.1575651015623984,1.0,0.0,1.0,30,iris,66
"{'grid_scale': 4.0, 'beacon_radius': 8, 'local_beacon_cap': 3, 'n_marker_agents': 20, 'n_transporter_agents': 20, 'tau_percentile': 15, 'iterations': 2500}",0.16423917376526764,0.025588282750938725,0.16972315826913892,0.38924330491431886,0.027276670766241445,0.3916492622047759,-0.22161843819864827,0.04998875683379499,-0.21282403181118043,4.35494222518018,0.8207834991723759,4.197852585632949,1.0,0.0,1.0,30,iris,70
"{'grid_scale': 4.0, 'beacon_radius': 8, 'local_beacon_cap': 3, 'n_marker_agents': 20, 'n_transporter_agents': 10, 'tau_percentile': 25, 'iterations': 2500}",0.16417287486542712,0.025022856068823752,0.16257188306011466,0.3906959293742241,0.030127525542170356,0.3883550376148875,-0.23000421394941303,0.052022072021391204,-0.2143427619072283,4.120215773666873,0.6376091718064505,3.9357149868705212,1.0,0.0,1.0,30,iris,69
"{'grid_scale': 4.0, 'beacon_radius': 8, 'local_beacon_cap': 3, 'n_marker_agents': 20, 'n_transporter_agents': 10, 'tau_percentile': 15, 'iterations': 2500}",0.16158119900449847,0.02631307338076626,0.16598251074749165,0.39248606778787903,0.030257723454838455,0.3937510227185833,-0.22724898189740822,0.044753077502993226,-0.22330157013102891,4.4018777455452875,0.7950284403514571,4.415560695238074,1.0,0.0,1.0,30,iris,68
"{'grid_scale': 4.0, 'beacon_radius': 8, 'local_beacon_cap': 3, 'n_marker_agents': 3, 'n_transporter_agents': 20, 'tau_percentile': 15, 'iterations': 2500}",0.15954107203948512,0.02492007084774882,0.15611494340501564,0.38205816407553,0.024540403167615327,0.3818644883471283,-0.2619752833076926,0.05416728646022712,-0.2632629810745188,4.377327344258245,0.7445912281495017,4.254298957893068,0.9995555555555555,0.0016629588385662073,1.0,30,iris,58
"{'grid_scale': 4.0, 'beacon_radius': 8, 'local_beacon_cap': 3, 'n_marker_agents': 10, 'n_transporter_agents': 20, 'tau_percentile': 15, 'iterations': 2500}",0.15812637847454486,0.02595788996831314,0.14927896757905668,0.3853137817562592,0.03219036754679802,0.3853088711561502,-0.23742469808761038,0.05009849363945855,-0.2427830447158869,4.503523795530965,0.9450644338610762,4.47602527107461,1.0,0.0,1.0,30,iris,64
"{'grid_scale': 4.0, 'beacon_radius': 8, 'local_beacon_cap': 3, 'n_marker_agents': 10, 'n_transporter_agents': 10, 'tau_percentile': 25, 'iterations': 2500}",0.15805081710245053,0.021289760666352783,0.15692224656572834,0.38483199880107793,0.023049253390262175,0.38789239723964175,-0.23708892326812972,0.051118301171076054,-0.23152575223223026,4.591958344904864,0.9500052461167804,4.500336391788785,1.0,0.0,1.0,30,iris,63
"{'grid_scale': 4.0, 'beacon_radius': 8, 'local_beacon_cap': 3, 'n_marker_agents': 10, 'n_transporter_agents': 3, 'tau_percentile': 15, 'iterations': 2500}",0.1579156399639791,0.024096804419306905,0.15489743493607505,0.38313696506821643,0.02614230130025236,0.38039536573033306,-0.24076498439409283,0.05545187465715318,-0.2287340727725476,4.109163079758262,0.680313223874703,3.9332726499811406,1.0,0.0,1.0,30,iris,60
"{'grid_scale': 4.0, 'beacon_radius': 8, 'local_beacon_cap': 3, 'n_marker_agents': 3, 'n_transporter_agents': 10, 'tau_percentile': 25, 'iterations': 2500}",0.1575716089202032,0.026008332325021602,0.16163271694019193,0.38537824096169565,0.025517792133388777,0.38817370463157763,-0.23708387091964225,0.04651758289884384,-0.23988680476907717,4.563432040407508,1.061493945702116,4.485667258557626,0.9975555555555556,0.005833068777069632,1.0,30,iris,57
"{'grid_scale': 4.0, 'beacon_radius': 8, 'local_beacon_cap': 3, 'n_marker_agents': 3, 'n_transporter_agents': 3, 'tau_percentile': 25, 'iterations': 2500}",0.15747526572980192,0.0219606094382111,0.15681689426038126,0.38057905646466134,0.027811825574509806,0.38622968187628204,-0.24862336608888733,0.0585742348109916,-0.2521783547372074,4.312251939480661,0.9284845297749024,4.05405313326175,0.9993333333333333,0.003590109871423007,1.0,30,iris,55
"{'grid_scale': 4.0, 'beacon_radius': 8, 'local_beacon_cap': 3, 'n_marker_agents': 3, 'n_transporter_agents': 20, 'tau_percentile': 25, 'iterations': 2500}",0.15502554043036512,0.020667838609074014,0.14901854060896125,0.3827912441405542,0.02200303701978369,0.3831655247582292,-0.25331277507808736,0.06431582736860436,-0.2520499823807454,4.451583877492553,1.010624434468275,4.266561787826419,0.9995555555555555,0.0016629588385662071,1.0,30,iris,59
"{'grid_scale': 4.0, 'beacon_radius': 8, 'local_beacon_cap': 3, 'n_marker_agents': 3, 'n_transporter_agents': 10, 'tau_percentile': 15, 'iterations': 2500}",0.15479398958573842,0.02601477415023553,0.15846751919196259,0.3819697941238089,0.02537789120249564,0.38118262644098655,-0.2564149765731828,0.054601934496596984,-0.2553352776416945,4.659233000971539,1.3254023482842843,4.322439509395903,0.9973333333333334,0.00904310664416702,1.0,30,iris,56
"{'grid_scale': 4.0, 'beacon_radius': 8, 'local_beacon_cap': 3, 'n_marker_agents': 10, 'n_transporter_agents': 10, 'tau_percentile': 15, 'iterations': 2500}",0.15404945273859885,0.018443038475612766,0.15426263635381376,0.38047487070908315,0.02307203376077686,0.38236762860915624,-0.24533977028094986,0.04728872659411336,-0.24504518949540582,4.368226986721422,1.1187813168856475,4.271674880188068,1.0,0.0,1.0,30,iris,62
"{'grid_scale': 4.0, 'beacon_radius': 8, 'local_beacon_cap': 5, 'n_marker_agents': 10, 'n_transporter_agents': 20, 'tau_percentile': 25, 'iterations': 2500}",0.1534459448879461,0.023209265937582043,0.15226516224539272,0.41495869203596497,0.018201808471885184,0.4130787908393703,-0.19685660316030734,0.03966152320716093,-0.19549848347277474,3.316680432376583,0.8235256684769122,3.075063311068988,1.0,0.0,1.0,30,iris,83
"{'grid_scale': 4.0, 'beacon_radius': 8, 'local_beacon_cap': 3, 'n_marker_agents': 3, 'n_transporter_agents': 3, 'tau_percentile': 15, 'iterations': 2500}",0.15075895303481318,0.019807200098642494,0.14744019418217158,0.378172657887827,0.023035508808577933,0.3784543167283697,-0.2645450867178958,0.055355778117140514,-0.2742382672819439,4.590309785284396,0.9331796710922841,4.391586934179086,0.9997777777777778,0.001196703290474342,1.0,30,iris,54
"{'grid_scale': 4.0, 'beacon_radius': 8, 'local_beacon_cap': 5, 'n_marker_agents': 20, 'n_transporter_agents': 20, 'tau_percentile': 25, 'iterations': 2500}",0.14624232904373918,0.02630452361053023,0.14060655853245252,0.40762865458981845,0.021892173860579213,0.4064948364043229,-0.19494704933951532,0.037731350102502455,-0.19337550470168974,3.2393499924249247,0.5282869437336117,3.0867121981259382,1.0,0.0,1.0,30,iris,89
"{'grid_scale': 4.0, 'beacon_radius': 8, 'local_beacon_cap': 5, 'n_marker_agents': 10, 'n_transporter_agents': 10, 'tau_percentile': 25, 'iterations': 2500}",0.14539273936180264,0.022261652399791075,0.14127099059070242,0.405878948352243,0.01617926271204604,0.4066070017800253,-0.20018974506352624,0.04824353478918247,-0.19459475054785536,3.3181769133628194,0.5990526799327418,3.1899383756054567,1.0,0.0,1.0,30,iris,81
"{'grid_scale': 4.0, 'beacon_radius': 8, 'local_beacon_cap': 5, 'n_marker_agents': 10, 'n_transporter_agents': 3, 'tau_percentile': 25, 'iterations': 2500}",0.1453559673042384,0.022049134510347675,0.14239920378861504,0.4074836248443046,0.016774197567832865,0.4070656808063654,-0.20668773338439386,0.036627255081590045,-0.2045555116626378,3.279390155674476,0.5726050843143586,3.334219029225958,1.0,0.0,1.0,30,iris,79
"{'grid_scale': 4.0, 'beacon_radius': 8, 'local_beacon_cap': 5, 'n_marker_agents': 20, 'n_transporter_agents': 3, 'tau_percentile': 25, 'iterations': 2500}",0.14521024269531693,0.026220095956084693,0.13930212153476657,0.40713089377246253,0.019448941168595465,0.40896443893937684,-0.1995813133298501,0.03152361740330927,-0.19685900477821108,3.319864705123961,0.5491061561706326,3.2289770601153447,1.0,0.0,1.0,30,iris,85
"{'grid_scale': 4.0, 'beacon_radius': 8, 'local_beacon_cap': 5, 'n_marker_agents': 3, 'n_transporter_agents': 20, 'tau_percentile': 25, 'iterations': 2500}",0.14488715546264191,0.021946113609870265,0.14669199649239884,0.41086962774235325,0.017382257211480776,0.4090833859343654,-0.2173188629371454,0.03798565395177254,-0.21501759484167973,3.241644307126221,0.5601227997762719,3.037490445795255,1.0,0.0,1.0,30,iris,77
"{'grid_scale': 4.0, 'beacon_radius': 8, 'local_beacon_cap': 5, 'n_marker_agents': 10, 'n_transporter_agents': 20, 'tau_percentile': 15, 'iterations': 2500}",0.14478295608084055,0.02616460841222923,0.14128186686435262,0.41955458493602854,0.02315966004989915,0.419519465714974,-0.22424762062660986,0.04656273759247502,-0.2236204070536474,3.290828805026785,0.591521122841645,3.117524308773131,1.0,0.0,1.0,30,iris,82
"{'grid_scale': 4.0, 'beacon_radius': 8, 'local_beacon_cap': 5, 'n_marker_agents': 3, 'n_transporter_agents': 3, 'tau_percentile': 25, 'iterations': 2500}",0.14410006098253098,0.021875756153915345,0.14362319045064975,0.4104934533482854,0.0205989396437962,0.411418085678514,-0.21032541841739463,0.04340131603116332,-0.21963871693325704,3.0936665297472383,0.5605538811240582,3.056196749494948,0.9997777777777778,0.001196703290474342,1.0,30,iris,73
"{'grid_scale': 4.0, 'beacon_radius': 8, 'local_beacon_cap': 5, 'n_marker_agents': 3, 'n_transporter_agents': 10, 'tau_percentile': 25, 'iterations': 2500}",0.14252076844687495,0.021396241277197355,0.14187929435387145,0.4081227827382251,0.017244334675668636,0.40662323684709506,-0.20722300182279643,0.034119914418765426,-0.20171858277948368,3.291989699709487,0.5510169146367708,3.0848432533228416,0.9995555555555555,0.0016629588385662071,1.0,30,iris,75
"{'grid_scale': 4.0, 'beacon_radius': 8, 'local_beacon_cap': 5, 'n_marker_agents': 20, 'n_transporter_agents': 10, 'tau_percentile': 25, 'iterations': 2500}",0.14163913947531187,0.021472636618518715,0.13627538118643656,0.40698634233087305,0.018567365681013175,0.40475542353709537,-0.20364896460340642,0.03956584513808457,-0.20357384770191364,3.259904774700206,0.4515227436441608,3.2768106653695006,1.0,0.0,1.0,30,iris,87
"{'grid_scale': 4.0, 'beacon_radius': 8, 'local_beacon_cap': 5, 'n_marker_agents': 10, 'n_transporter_agents': 3, 'tau_percentile': 15, 'iterations': 2500}",0.1407745607800827,0.022180830508013203,0.1429572869938296,0.41293221875301317,0.02034135120258348,0.4139205113756822,-0.22199534239964044,0.04720198950448635,-0.20815795170624724,3.236387271120419,0.551060681830629,3.198610327162829,1.0,0.0,1.0,30,iris,78
"{'grid_scale': 4.0, 'beacon_radius': 8, 'local_beacon_cap': 5, 'n_marker_agents': 20, 'n_transporter_agents': 20, 'tau_percentile': 15, 'iterations': 2500}",0.13924327911471618,0.023047120782142223,0.132521090650479,0.4105791145138825,0.018282646864234663,0.4122402370430385,-0.2134581102475594,0.04285269696233692,-0.2194578961594964,3.184848473751738,0.3493427824613652,3.156215081163338,1.0,0.0,1.0,30,iris,88
"{'grid_scale': 4.0, 'beacon_radius': 8, 'local_beacon_cap': 8, 'n_marker_agents': 10, 'n_transporter_agents': 20, 'tau_percentile': 25, 'iterations': 2500}",0.13916973541014543,0.02451502015983223,0.1351474136990808,0.4139252795581453,0.023226187372638433,0.40901011543145926,-0.18951165389652003,0.038570065154199605,-0.18141399616951037,2.82487620876793,0.5028851088926484,2.7672532234269878,1.0,0.0,1.0,30,iris,101
"{'grid_scale': 4.0, 'beacon_radius': 8, 'local_beacon_cap': 5, 'n_marker_agents': 3, 'n_transporter_agents': 10, 'tau_percentile': 15, 'iterations': 2500}",0.13884600508378775,0.024798217602197897,0.13581320591875684,0.4088033304608886,0.023271356782433635,0.40813609441315146,-0.22654749018122003,0.044189307844274106,-0.22891299590947195,2.9889867925208105,0.4751690901434574,2.8360799998772843,0.9993333333333333,0.002638742686008425,1.0,30,iris,74
"{'grid_scale': 4.0, 'beacon_radius': 8, 'local_beacon_cap': 5, 'n_marker_agents': 20, 'n_transporter_agents': 3, 'tau_percentile': 15, 'iterations': 2500}",0.13721394134531067,0.02158601133638185,0.13600662042300582,0.4108627941375159,0.023088229013319153,0.4102725169294612,-0.2032989212745089,0.037447560723750724,-0.19400324297824248,3.1205386139711444,0.40299334013910876,3.0863498946195627,1.0,0.0,1.0,30,iris,84
"{'grid_scale': 4.0, 'beacon_radius': 8, 'local_beacon_cap': 5, 'n_marker_agents': 20, 'n_transporter_agents': 10, 'tau_percentile': 15, 'iterations': 2500}",0.13612903031108978,0.021948953156265074,0.13509757581567808,0.40962861000628503,0.022044802480835703,0.411137201512304,-0.21420493972518348,0.040598700835151796,-0.21100029035623608,3.2357519712120606,0.4961690743010285,3.07000131911556,1.0,0.0,1.0,30,iris,86
"{'grid_scale': 4.0, 'beacon_radius': 8, 'local_beacon_cap': 5, 'n_marker_agents': 3, 'n_transporter_agents': 3, 'tau_percentile': 15, 'iterations': 2500}",0.13604604652885327,0.020480116533321227,0.1358497112822678,0.4094620553893652,0.022614767255805995,0.4081127633973064,-0.23220497912378227,0.04339912016914682,-0.22929444805910554,3.2120396709138506,0.7222328224261744,2.978502628106731,1.0,0.0,1.0,30,iris,72
"{'grid_scale': 4.0, 'beacon_radius': 8, 'local_beacon_cap': 5, 'n_marker_agents': 10, 'n_transporter_agents': 10, 'tau_percentile': 15, 'iterations': 2500}",0.13470217316375097,0.019346590611368265,0.13040572282814455,0.408414194718815,0.016171854197540254,0.40824181783398966,-0.21803295825723898,0.03989189225415501,-0.2196045117904229,3.1845685141419784,0.47794257388303035,3.2071270479853577,1.0,0.0,1.0,30,iris,80
"{'grid_scale': 4.0, 'beacon_radius': 8, 'local_beacon_cap': 8, 'n_marker_agents': 20, 'n_transporter_agents': 20, 'tau_percentile': 25, 'iterations': 2500}",0.13365996709941602,0.023952094803222485,0.12910878354315997,0.41086739627847296,0.021506616415841125,0.4109354606941136,-0.1827750753548258,0.03130838050881058,-0.18451162779267666,2.6962356211919833,0.4062259101325978,2.717363645145292,1.0,0.0,1.0,30,iris,107
"{'grid_scale': 4.0, 'beacon_radius': 8, 'local_beacon_cap': 8, 'n_marker_agents': 20, 'n_transporter_agents': 3, 'tau_percentile': 25, 'iterations': 2500}",0.132744011154756,0.02179094068594836,0.13043051958017457,0.4107255968614999,0.01661431495385133,0.41208335621795655,-0.18821498602352868,0.02529720857277485,-0.1897002582150989,2.76025113540946,0.43586179622972615,2.7106932952686598,1.0,0.0,1.0,30,iris,103
"{'grid_scale': 4.0, 'beacon_radius': 8, 'local_beacon_cap': 5, 'n_marker_agents': 3, 'n_transporter_agents': 20, 'tau_percentile': 15, 'iterations': 2500}",0.13220862867779148,0.02234446743715747,0.12824818019437711,0.404143343014107,0.02568809772917043,0.4005482902686637,-0.24691879356202495,0.03382176307182421,-0.2467250513063457,3.069772603321048,0.3858545935007999,3.03765442178174,0.9995555555555555,0.0016629588385662073,1.0,30,iris,76
"{'grid_scale': 4.0, 'beacon_radius': 8, 'local_beacon_cap': 8, 'n_marker_agents': 20, 'n_transporter_agents': 10, 'tau_percentile': 25, 'iterations': 2500}",0.13138088389186212,0.01951239832438111,0.1267748537293688,0.41159741001207245,0.017330325686701713,0.4122078649333909,-0.18586222725802284,0.036369939626343516,-0.18952559181075873,2.779204551891317,0.43077824864147873,2.8114090486591667,1.0,0.0,1.0,30,iris,105
"{'grid_scale': 4.0, 'beacon_radius': 8, 'local_beacon_cap': 8, 'n_marker_agents': 10, 'n_transporter_agents': 3, 'tau_percentile': 25, 'iterations': 2500}",0.12971075398549256,0.022963689732483104,0.12470421907536836,0.40541394423342575,0.020349671083994988,0.4019633038866701,-0.19142682157074561,0.032079857254993974,-0.1855277379527646,2.6804060680840327,0.3911450892468332,2.731441609475535,1.0,0.0,1.0,30,iris,97
"{'grid_scale': 4.0, 'beacon_radius': 8, 'local_beacon_cap': 8, 'n_marker_agents': 3, 'n_transporter_agents': 10, 'tau_percentile': 25, 'iterations': 2500}",0.12910544216358152,0.020105386584946417,0.128313303671359,0.40622316949942505,0.017305582634591088,0.40731849541052645,-0.19964420322563353,0.0293457711992502,-0.19562551997399963,2.820135470904865,0.6272192929354736,2.6334905332095317,0.9982222222222222,0.008421020142887292,1.0,30,iris,93
"{'grid_scale': 4.0, 'beacon_radius': 8, 'local_beacon_cap': 8, 'n_marker_agents': 10, 'n_transporter_agents': 10, 'tau_percentile': 25, 'iterations': 2500}",0.1288832812338324,0.02154558974882214,0.12705332890011625,0.40584222176363305,0.019776717365729363,0.40725388617714753,-0.18927497609264793,0.033108837578118146,-0.18644677541738058,2.90367945066637,0.6130472843624394,2.8125100209010667,1.0,0.0,1.0,30,iris,99
"{'grid_scale': 4.0, 'beacon_radius': 8, 'local_beacon_cap': 8, 'n_marker_agents': 3, 'n_transporter_agents': 3, 'tau_percentile': 25, 'iterations': 2500}",0.12839134659133888,0.016925334175633546,0.12690516969880428,0.40788958780292595,0.017531620224456586,0.40591938120160076,-0.1903487588061393,0.035189899760679544,-0.1932446583529988,2.68487590157635,0.3722333571509974,2.6842202534725708,0.9975555555555555,0.0067732225129458505,1.0,30,iris,91
"{'grid_scale': 4.0, 'beacon_radius': 8, 'local_beacon_cap': 8, 'n_marker_agents': 3, 'n_transporter_agents': 20, 'tau_percentile': 25, 'iterations': 2500}",0.12646890304306344,0.017264132804353315,0.12058275427868209,0.4079237310625873,0.014697124107423912,0.40653262520535105,-0.1951689943475567,0.0322404871323519,-0.19903866611732168,2.7298072164414906,0.5124179540406967,2.681404915149831,0.9979999999999999,0.00845905169363301,1.0,30,iris,95
"{'grid_scale': 4.0, 'beacon_radius': 8, 'local_beacon_cap': 8, 'n_marker_agents': 20, 'n_transporter_agents': 10, 'tau_percentile': 15, 'iterations': 2500}",0.11808043414941065,0.019228632037021295,0.11555140529546454,0.42066697638447503,0.01856719222063538,0.41890093314429405,-0.19042475504924108,0.03280131064408822,-0.19490449020790512,2.3492849417115846,0.22647035377509867,2.3084803425869556,1.0,0.0,1.0,30,iris,104
"{'grid_scale': 4.0, 'beacon_radius': 8, 'local_beacon_cap': 8, 'n_marker_agents': 20, 'n_transporter_agents': 20, 'tau_percentile': 15, 'iterations': 2500}",0.11806935376298004,0.016575155929184616,0.11632835944947664,0.4219276317828846,0.018226267322497602,0.42059478645973364,-0.18455267088884988,0.039454701685603874,-0.18196603461417246,2.4716669582663253,0.4252972070752042,2.368414790788849,1.0,0.0,1.0,30,iris,106
"{'grid_scale': 4.0, 'beacon_radius': 8, 'local_beacon_cap': 8, 'n_marker_agents': 20, 'n_transporter_agents': 3, 'tau_percentile': 15, 'iterations': 2500}",0.116821821385329,0.014750598192461337,0.1141990607461042,0.41746200187485577,0.018593791344799257,0.4121022336066358,-0.19409462445320494,0.03232210138773997,-0.19395424177663514,2.38871626064719,0.3258875892753612,2.3587489270623934,1.0,0.0,1.0,30,iris,102
"{'grid_scale': 4.0, 'beacon_radius': 8, 'local_beacon_cap': 8, 'n_marker_agents': 10, 'n_transporter_agents': 3, 'tau_percentile': 15, 'iterations': 2500}",0.11517809115521215,0.01615200414031287,0.1120650492211665,0.4199293649734444,0.012733550003004709,0.42397008107887446,-0.20351575606904637,0.03521926476304477,-0.20107863015098737,2.4336093169101347,0.37077404235710576,2.337677344644132,1.0,0.0,1.0,30,iris,96
"{'grid_scale': 4.0, 'beacon_radius': 8, 'local_beacon_cap': 8, 'n_marker_agents': 10, 'n_transporter_agents': 20, 'tau_percentile': 15, 'iterations': 2500}",0.11463494505972312,0.018203487406038266,0.11430398890963567,0.42078851466823436,0.021310683556452433,0.4194323017009025,-0.19379758752792406,0.04512837004126834,-0.1904320894079099,2.5049859781050836,0.41324837259688857,2.3826346776687237,1.0,0.0,1.0,30,iris,100
"{'grid_scale': 4.0, 'beacon_radius': 8, 'local_beacon_cap': 8, 'n_marker_agents': 3, 'n_transporter_agents': 10, 'tau_percentile': 15, 'iterations': 2500}",0.11438558827541793,0.01716439244896914,0.11165796673656256,0.41666745144121264,0.015816677489108914,0.4124090661024489,-0.19454638805971147,0.03948811015406622,-0.19511247218594402,2.4925432719902103,0.3571964174474414,2.510743797613257,0.9997777777777778,0.001196703290474342,1.0,30,iris,92
"{'grid_scale': 4.0, 'beacon_radius': 8, 'local_beacon_cap': 8, 'n_marker_agents': 10, 'n_transporter_agents': 10, 'tau_percentile': 15, 'iterations': 2500}",0.11384303284038334,0.0149682369745735,0.11246138271934755,0.41892471448151514,0.017055047876408786,0.4188076446321205,-0.19298981396767537,0.02944381084382889,-0.18512195475638266,2.4653907057939883,0.4217977506174424,2.377265550284349,1.0,0.0,1.0,30,iris,98
"{'grid_scale': 4.0, 'beacon_radius': 8, 'local_beacon_cap': 8, 'n_marker_agents': 3, 'n_transporter_agents': 3, 'tau_percentile': 15, 'iterations': 2500}",0.11339362128805433,0.015394236140279908,0.11698406586880594,0.4204534217165356,0.015612296541253727,0.42532165819442563,-0.19901787902475912,0.03097410856035743,-0.19956921830946162,2.523827346274848,0.45708268029112126,2.5007941537807152,0.9995555555555555,0.0023934065809486644,1.0,30,iris,90
"{'grid_scale': 4.0, 'beacon_radius': 6, 'local_beacon_cap': 3, 'n_marker_agents': 20, 'n_transporter_agents': 20, 'tau_percentile': 25, 'iterations': 2500}",0.11091203501574677,0.017026827649247733,0.1076413708962001,0.360436650720997,0.01924932333872953,0.36164899827470565,-0.30682894199860283,0.04356502406442605,-0.3138850294541069,4.428718858398403,0.8152079682846156,4.308604036277435,1.0,0.0,1.0,30,iris,17
"{'grid_scale': 4.0, 'beacon_radius': 8, 'local_beacon_cap': 8, 'n_marker_agents': 3, 'n_transporter_agents': 20, 'tau_percentile': 15, 'iterations': 2500}",0.11027166227547894,0.015549140420311003,0.11155873268386887,0.4181834901319753,0.01621937121281686,0.42041057886412525,-0.19008013294050397,0.029988444169182303,-0.1867073996832776,2.436080968030394,0.31536618996170335,2.3960136217289336,0.9977777777777779,0.005794846582402347,1.0,30,iris,94
"{'grid_scale': 4.0, 'beacon_radius': 6, 'local_beacon_cap': 3, 'n_marker_agents': 20, 'n_transporter_agents': 10, 'tau_percentile': 25, 'iterations': 2500}",0.11005991258662239,0.017468946521914736,0.10756595075376468,0.3585639141730548,0.020282920717316626,0.35584894712918647,-0.3039873519173773,0.030744826675593657,-0.3056115951309588,4.500133253731436,0.7701375100206042,4.322284704038806,1.0,0.0,1.0,30,iris,15
"{'grid_scale': 4.0, 'beacon_radius': 6, 'local_beacon_cap': 3, 'n_marker_agents': 20, 'n_transporter_agents': 3, 'tau_percentile': 25, 'iterations': 2500}",0.10943982297497226,0.01825676837707287,0.1103936486275058,0.35487307250849903,0.02127041375756586,0.3542545640005049,-0.31492261763938123,0.035546714438005084,-0.3135292187864984,4.392466520910625,0.7903599493976969,4.567724430552642,1.0,0.0,1.0,30,iris,13
"{'grid_scale': 4.0, 'beacon_radius': 6, 'local_beacon_cap': 3, 'n_marker_agents': 10, 'n_transporter_agents': 20, 'tau_percentile': 25, 'iterations': 2500}",0.1090015288434669,0.017065513168495187,0.10839576220721467,0.3585698235544602,0.02065087691145569,0.35793661835453594,-0.30899637516192335,0.04388216780240871,-0.2967037654785346,4.391984325417368,0.6317867931160365,4.313456505086036,1.0,0.0,1.0,30,iris,11
"{'grid_scale': 4.0, 'beacon_radius': 6, 'local_beacon_cap': 3, 'n_marker_agents': 20, 'n_transporter_agents': 3, 'tau_percentile': 15, 'iterations': 2500}",0.10880279754918987,0.01864778901079727,0.10913954568011897,0.3597588778058649,0.02517680536690516,0.36166079831522313,-0.3196033067489295,0.04434346865011125,-0.3125697783189562,4.5120387173398,0.9456017791975776,4.2842597324225835,1.0,0.0,1.0,30,iris,12
"{'grid_scale': 4.0, 'beacon_radius': 6, 'local_beacon_cap': 3, 'n_marker_agents': 10, 'n_transporter_agents': 3, 'tau_percentile': 25, 'iterations': 2500}",0.10664794459572773,0.013883166560527323,0.10465655593389778,0.35896372988755193,0.01939465700425213,0.3616445312551787,-0.3156647056141872,0.04546194453579799,-0.3191948240572954,4.517281660721818,0.8544814591013657,4.343251200976027,1.0,0.0,1.0,30,iris,7
"{'grid_scale': 4.0, 'beacon_radius': 6, 'local_beacon_cap': 3, 'n_marker_agents': 20, 'n_transporter_agents': 20, 'tau_percentile': 15, 'iterations': 2500}",0.10660642512354733,0.019008916146953173,0.10555083243331287,0.3548711200293297,0.02696806816556416,0.3557382279837137,-0.3148141255662817,0.042915863652492794,-0.31384787520703167,4.365082341657549,0.6389298372606197,4.402084220076615,1.0,0.0,1.0,30,iris,16
"{'grid_scale': 4.0, 'beacon_radius': 6, 'local_beacon_cap': 3, 'n_marker_agents': 10, 'n_transporter_agents': 10, 'tau_percentile': 25, 'iterations': 2500}",0.10614300959280716,0.015099740149950185,0.10506794891429401,0.3579106096759379,0.017946642198096753,0.3578167238409416,-0.3145023273711767,0.03214376261771249,-0.30949564521896467,13565.061464096641,73025.59513199913,4.628090558657644,1.0,0.0,1.0,30,iris,9
"{'grid_scale': 4.0, 'beacon_radius': 6, 'local_beacon_cap': 3, 'n_marker_agents': 20, 'n_transporter_agents': 10, 'tau_percentile': 15, 'iterations': 2500}",0.1057958915025526,0.0181817782928586,0.10551297972257642,0.35519450216400644,0.02664049395128626,0.35837162869633854,-0.3224075779304625,0.04507189071403225,-0.3138920630604721,4.5595742892857025,1.0675715000389407,4.226345813533888,1.0,0.0,1.0,30,iris,14
"{'grid_scale': 4.0, 'beacon_radius': 6, 'local_beacon_cap': 3, 'n_marker_agents': 10, 'n_transporter_agents': 3, 'tau_percentile': 15, 'iterations': 2500}",0.10536482536447862,0.013697250550011173,0.10674043106442474,0.35778942441072353,0.02212778769037636,0.3534741867105422,-0.3279136166913051,0.0435714496060518,-0.332742877662656,4.491122798738781,0.9533170876555214,4.2492217006824,1.0,0.0,1.0,30,iris,6
"{'grid_scale': 4.0, 'beacon_radius': 6, 'local_beacon_cap': 3, 'n_marker_agents': 3, 'n_transporter_agents': 10, 'tau_percentile': 25, 'iterations': 2500}",0.10244870420887879,0.013267823893918342,0.1010377459836809,0.3558815332256122,0.01803621038294885,0.3546844757233318,-0.3154911595020927,0.03853275355320801,-0.31732178755639273,4.878444424710534,0.9067863798139212,4.668333037544114,0.9986666666666667,0.004354648431614541,1.0,30,iris,3
"{'grid_scale': 4.0, 'beacon_radius': 6, 'local_beacon_cap': 3, 'n_marker_agents': 10, 'n_transporter_agents': 20, 'tau_percentile': 15, 'iterations': 2500}",0.10118537906364361,0.01799442530292943,0.10618346133145845,0.3460100594668282,0.023616893428079204,0.3470158608270897,-0.3384606105105936,0.05052039015408804,-0.3367708872735605,4.493712100781697,0.7705357908393359,4.521051786004997,1.0,0.0,1.0,30,iris,10
"{'grid_scale': 4.0, 'beacon_radius': 6, 'local_beacon_cap': 3, 'n_marker_agents': 3, 'n_transporter_agents': 20, 'tau_percentile': 25, 'iterations': 2500}",0.10101179071610858,0.013774907870392891,0.10043378498009867,0.3527708387391795,0.018524572667714765,0.35081362855631165,-0.3184929750729334,0.04413867914877317,-0.31981838237407745,4.614150017648671,0.7965306941372412,4.4075811398884195,0.9984444444444445,0.0044499965321112885,1.0,30,iris,5
"{'grid_scale': 4.0, 'beacon_radius': 6, 'local_beacon_cap': 3, 'n_marker_agents': 10, 'n_transporter_agents': 10, 'tau_percentile': 15, 'iterations': 2500}",0.10086056584417226,0.014852725863787303,0.09814692301857321,0.35214641053211243,0.01830734443857333,0.35734788853124,-0.3293942417264349,0.04626606371744048,-0.3226905122043976,4.61026860786994,0.9595261738791566,4.575013619108583,1.0,0.0,1.0,30,iris,8
"{'grid_scale': 4.0, 'beacon_radius': 6, 'local_beacon_cap': 5, 'n_marker_agents': 10, 'n_transporter_agents': 20, 'tau_percentile': 25, 'iterations': 2500}",0.09875684994674208,0.015530885054892873,0.09659524316788254,0.3832467022824559,0.017640030703823317,0.38459934689464853,-0.27445234738332835,0.03795041623586336,-0.27540214022720677,3.2906461409158214,0.5768006224092354,3.131633622479176,1.0,0.0,1.0,30,iris,29
"{'grid_scale': 4.0, 'beacon_radius': 6, 'local_beacon_cap': 3, 'n_marker_agents': 3, 'n_transporter_agents': 3, 'tau_percentile': 25, 'iterations': 2500}",0.09738830931104392,0.017207161396205515,0.09552334675708604,0.3456360024145441,0.027478697679200987,0.3520336714999459,-0.3204971876847734,0.048717285396667295,-0.32063727314311724,4.679349866791327,0.8163315993001188,4.556233917744514,0.9997777777777778,0.001196703290474342,1.0,30,iris,1
"{'grid_scale': 4.0, 'beacon_radius': 6, 'local_beacon_cap': 5, 'n_marker_agents': 20, 'n_transporter_agents': 10, 'tau_percentile': 25, 'iterations': 2500}",0.09700216190594317,0.013960114505811437,0.09570830796669824,0.3805765255938267,0.014517708386854112,0.3792792644100449,-0.2752918892492768,0.034859250990885014,-0.27644999981080787,3.161250520908077,0.45636791684968137,3.051195688859166,1.0,0.0,1.0,30,iris,33
"{'grid_scale': 4.0, 'beacon_radius': 6, 'local_beacon_cap': 5, 'n_marker_agents': 20, 'n_transporter_agents': 3, 'tau_percentile': 25, 'iterations': 2500}",0.09689312063650375,0.01330593017182568,0.0976856489759817,0.381091185703538,0.0182448976153513,0.3838184135006583,-0.27129704349616623,0.0403929693660808,-0.2709154077584717,3.317044767653629,0.4599678505756072,3.371524226997355,1.0,0.0,1.0,30,iris,31
"{'grid_scale': 4.0, 'beacon_radius': 6, 'local_beacon_cap': 5, 'n_marker_agents': 10, 'n_transporter_agents': 10, 'tau_percentile': 25, 'iterations': 2500}",0.09662111480180137,0.014746393432526692,0.0965561939064071,0.3820152983534784,0.015842989471938122,0.3776730101480419,-0.27674987840135373,0.04022401204508915,-0.2719532305796358,3.2661308878238455,0.4539594722275503,3.3128602070664295,1.0,0.0,1.0,30,iris,27
"{'grid_scale': 4.0, 'beacon_radius': 6, 'local_beacon_cap': 5, 'n_marker_agents': 20, 'n_transporter_agents': 20, 'tau_percentile': 25, 'iterations': 2500}",0.09651892891742835,0.012277168950631157,0.09863322023467352,0.38116176495249654,0.014532433930886594,0.38216062578653537,-0.26885476006281106,0.03507563810257883,-0.2715034455559797,3.3264254803730156,0.57147286973548,3.336308415772406,1.0,0.0,1.0,30,iris,35
"{'grid_scale': 4.0, 'beacon_radius': 6, 'local_beacon_cap': 5, 'n_marker_agents': 3, 'n_transporter_agents': 10, 'tau_percentile': 25, 'iterations': 2500}",0.09580611662786843,0.013314314152484283,0.09707848350447759,0.3797191202799203,0.014312537524046588,0.3797928608582499,-0.27563120168875677,0.03385704624760107,-0.2773433733865808,3.371949674774901,0.4051624107222219,3.298240277657105,0.9986666666666667,0.0036106837353937584,1.0,30,iris,21
"{'grid_scale': 4.0, 'beacon_radius': 6, 'local_beacon_cap': 5, 'n_marker_agents': 10, 'n_transporter_agents': 3, 'tau_percentile': 25, 'iterations': 2500}",0.09547774847610849,0.013240626437882904,0.09635022988025169,0.3816677220270955,0.01274475695343692,0.3812168331744811,-0.27428755594790755,0.03288241811101388,-0.2739892020629613,3.5251666450049943,0.5438520054970943,3.439762388335027,1.0,0.0,1.0,30,iris,25
"{'grid_scale': 4.0, 'beacon_radius': 6, 'local_beacon_cap': 3, 'n_marker_agents': 3, 'n_transporter_agents': 20, 'tau_percentile': 15, 'iterations': 2500}",0.09540364964860605,0.01512205316207798,0.09532765036446439,0.3459986273020132,0.023678865570715277,0.3451824996019175,-0.3431963461605746,0.039744593887548155,-0.34057755616916896,4.569492838639686,0.6275846368633851,4.462914304675892,0.9997777777777778,0.001196703290474342,1.0,30,iris,4
"{'grid_scale': 4.0, 'beacon_radius': 6, 'local_beacon_cap': 3, 'n_marker_agents': 3, 'n_transporter_agents': 3, 'tau_percentile': 15, 'iterations': 2500}",0.09371303902479601,0.01443843730757815,0.09162445954977269,0.3465461768322134,0.021601160765022005,0.34359595219021166,-0.33684187525549825,0.04238511458793092,-0.34206325644438307,4.409659141089869,0.6755889762102641,4.465111787708832,0.9993333333333332,0.002000000000000013,1.0,30,iris,0
"{'grid_scale': 4.0, 'beacon_radius': 6, 'local_beacon_cap': 5, 'n_marker_agents': 10, 'n_transporter_agents': 20, 'tau_percentile': 15, 'iterations': 2500}",0.09344223085241883,0.01608997500993816,0.0929956719825776,0.38927024780199415,0.019858691531410802,0.3870450101981724,-0.28870219420270005,0.04048722897315437,-0.2882116704927248,3.075966784449517,0.46121921505082597,3.0110291797209614,1.0,0.0,1.0,30,iris,28
"{'grid_scale': 4.0, 'beacon_radius': 6, 'local_beacon_cap': 5, 'n_marker_agents': 20, 'n_transporter_agents': 20, 'tau_percentile': 15, 'iterations': 2500}",0.09341230027775657,0.01665052131535566,0.09244550064889887,0.39081466872244647,0.020048250260642112,0.38733196612360066,-0.27931484467320516,0.031183170939431407,-0.27645610993908765,3.1415196480007497,0.4273125732186008,3.0199812650949025,1.0,0.0,1.0,30,iris,34
"{'grid_scale': 4.0, 'beacon_radius': 6, 'local_beacon_cap': 5, 'n_marker_agents': 3, 'n_transporter_agents': 20, 'tau_percentile': 25, 'iterations': 2500}",0.09299301491129833,0.009091143380198381,0.09386452327424977,0.38346129950923485,0.012749269670745392,0.38276170270601684,-0.2821004263141515,0.02828457509573514,-0.285994111845361,3.486783746662933,0.8144845337414431,3.3717596165173305,0.9979999999999999,0.005483983413001357,1.0,30,iris,23
"{'grid_scale': 4.0, 'beacon_radius': 6, 'local_beacon_cap': 5, 'n_marker_agents': 10, 'n_transporter_agents': 10, 'tau_percentile': 15, 'iterations': 2500}",0.09275522234551747,0.014037228712833603,0.09079384127178931,0.38878904095622224,0.016703593245710163,0.38382624493144696,-0.29230811802795603,0.034429756471549805,-0.2812408404197698,3.1837444513627395,0.36266568708862645,3.1797252004413536,1.0,0.0,1.0,30,iris,26
"{'grid_scale': 4.0, 'beacon_radius': 6, 'local_beacon_cap': 5, 'n_marker_agents': 20, 'n_transporter_agents': 3, 'tau_percentile': 15, 'iterations': 2500}",0.09246803719738522,0.01451843350745159,0.09203281960149182,0.3870907658838655,0.020583026997122403,0.38834245557357316,-0.28768994444455154,0.031207872031087026,-0.28520251336827596,3.0719403584427325,0.419208483807882,2.9200688798109713,1.0,0.0,1.0,30,iris,30
"{'grid_scale': 4.0, 'beacon_radius': 6, 'local_beacon_cap': 3, 'n_marker_agents': 3, 'n_transporter_agents': 10, 'tau_percentile': 15, 'iterations': 2500}",0.09243439869456337,0.013578830260220599,0.09160653008211933,0.34601814532337977,0.020935614585382508,0.346351487623387,-0.33950857123373235,0.04541872394190931,-0.33892604413694205,4.528364674064903,0.5800956774045695,4.42703041153549,0.9997777777777778,0.001196703290474342,1.0,30,iris,2
"{'grid_scale': 4.0, 'beacon_radius': 6, 'local_beacon_cap': 5, 'n_marker_agents': 20, 'n_transporter_agents': 10, 'tau_percentile': 15, 'iterations': 2500}",0.09155337842097741,0.014522991410671596,0.08953970910631168,0.3878422399135477,0.017594760054879494,0.38766562901959045,-0.2950949043230905,0.03981586704044468,-0.3036779218202223,3.0404523195802544,0.34332792157763425,3.0620510150607267,1.0,0.0,1.0,30,iris,32
"{'grid_scale': 4.0, 'beacon_radius': 6, 'local_beacon_cap': 5, 'n_marker_agents': 3, 'n_transporter_agents': 3, 'tau_percentile': 25, 'iterations': 2500}",0.09124244826528159,0.013276894762973267,0.0900361849794869,0.37720043415158894,0.014417386702515226,0.377319319057317,-0.2787635394563636,0.034350112554298,-0.2835616442121256,3.446215144812668,0.5284747143507748,3.3133941294844087,0.9995555555555555,0.0016629588385662071,1.0,30,iris,19
"{'grid_scale': 4.0, 'beacon_radius': 6, 'local_beacon_cap': 8, 'n_marker_agents': 20, 'n_transporter_agents': 20, 'tau_percentile': 25, 'iterations': 2500}",0.09093643256761119,0.013765216011804268,0.08901907301431258,0.3888738851547055,0.015568561986795206,0.3878086564431991,-0.2490915341208883,0.03504782600324248,-0.25096093491095833,2.7594695742036963,0.44830272330129006,2.6577882041045573,1.0,0.0,1.0,30,iris,53
"{'grid_scale': 4.0, 'beacon_radius': 6, 'local_beacon_cap': 8, 'n_marker_agents': 20, 'n_transporter_agents': 3, 'tau_percentile': 25, 'iterations': 2500}",0.09080161208234806,0.012451469461667499,0.08977227056007422,0.3896654231093945,0.016159696075926325,0.38876573458500063,-0.2539784594580408,0.029883320875789248,-0.24955073331698355,2.7692911623075926,0.3897936507746669,2.7354337515236633,1.0,0.0,1.0,30,iris,49
"{'grid_scale': 4.0, 'beacon_radius': 6, 'local_beacon_cap': 8, 'n_marker_agents': 10, 'n_transporter_agents': 20, 'tau_percentile': 25, 'iterations': 2500}",0.0904915365057415,0.013749782136355177,0.08946923187182607,0.38629243767421934,0.012599322199274114,0.38314389105039437,-0.24453055799578285,0.033431113882274294,-0.2395939791536964,2.700186216355222,0.24267461755859907,2.6988351596127202,1.0,0.0,1.0,30,iris,47
"{'grid_scale': 4.0, 'beacon_radius': 6, 'local_beacon_cap': 8, 'n_marker_agents': 20, 'n_transporter_agents': 10, 'tau_percentile': 25, 'iterations': 2500}",0.09030229690397841,0.013075694742123885,0.08919497154172726,0.3867003108206249,0.013384914436628483,0.38706436239634245,-0.2549120487731803,0.02201036378233053,-0.25757533567301133,2.6894717295108785,0.3892743376707185,2.620597311735887,1.0,0.0,1.0,30,iris,51
"{'grid_scale': 4.0, 'beacon_radius': 6, 'local_beacon_cap': 5, 'n_marker_agents': 10, 'n_transporter_agents': 3, 'tau_percentile': 15, 'iterations': 2500}",0.08792641555855021,0.012425338420564315,0.08795697022642365,0.3815814623896357,0.01175400626743649,0.38268725577766705,-0.28628991788211394,0.028425360541181423,-0.28217767285276496,3.158319610540495,0.3475083183721844,3.16762662152241,1.0,0.0,1.0,30,iris,24
"{'grid_scale': 4.0, 'beacon_radius': 6, 'local_beacon_cap': 8, 'n_marker_agents': 10, 'n_transporter_agents': 3, 'tau_percentile': 25, 'iterations': 2500}",0.08784978616635036,0.013353578124981893,0.08536182634990158,0.3843600510080174,0.013608463274702122,0.38392636278202386,-0.2507718204440829,0.029190284769537257,-0.2557125302426953,2.815712547402325,0.311533780640316,2.8288317051480116,1.0,0.0,1.0,30,iris,43
"{'grid_scale': 4.0, 'beacon_radius': 6, 'local_beacon_cap': 5, 'n_marker_agents': 3, 'n_transporter_agents': 10, 'tau_percentile': 15, 'iterations': 2500}",0.08668256034965463,0.014914546366664175,0.08579384094392997,0.3881399225595088,0.020911747098985294,0.38424975119204996,-0.28508807094013916,0.03235622569851182,-0.2814695452595728,3.148543549766296,0.3926647134989287,3.163858019242885,0.9988888888888889,0.005983516452371668,1.0,30,iris,20
"{'grid_scale': 4.0, 'beacon_radius': 6, 'local_beacon_cap': 5, 'n_marker_agents': 3, 'n_transporter_agents': 3, 'tau_percentile': 15, 'iterations': 2500}",0.0866305733139036,0.013738414914757987,0.08697386555167279,0.38570410598151933,0.015462758966675847,0.38370983507974005,-0.28920068947055994,0.030163035716610873,-0.28994734341721146,3.260484652523658,0.44561728278493984,3.2188975465943734,0.9991111111111111,0.003744955454745054,1.0,30,iris,18
"{'grid_scale': 4.0, 'beacon_radius': 6, 'local_beacon_cap': 8, 'n_marker_agents': 10, 'n_transporter_agents': 10, 'tau_percentile': 25, 'iterations': 2500}",0.086497839557232,0.01351046720892613,0.08633489253263191,0.3819835358431555,0.01560591059664071,0.38001600999480234,-0.25318165333065257,0.03192960061876814,-0.24707492101240186,2.868411032348001,0.3659498060520856,2.8626650968769116,1.0,0.0,1.0,30,iris,45
"{'grid_scale': 4.0, 'beacon_radius': 6, 'local_beacon_cap': 8, 'n_marker_agents': 3, 'n_transporter_agents': 3, 'tau_percentile': 25, 'iterations': 2500}",0.08599522385125918,0.01093130487097527,0.08630136663043213,0.3861068230921461,0.014530432513463889,0.3856278381507148,-0.2548635170268828,0.0345225092226849,-0.2518050305231644,2.8506770657400193,0.330850679967374,2.7918388140005574,0.9991111111111111,0.003744955454745054,1.0,30,iris,37
"{'grid_scale': 4.0, 'beacon_radius': 6, 'local_beacon_cap': 8, 'n_marker_agents': 3, 'n_transporter_agents': 10, 'tau_percentile': 25, 'iterations': 2500}",0.08498001203051526,0.011669382885814388,0.0858015637095805,0.38258452111914604,0.01463681050454893,0.3829319389885553,-0.255625092337703,0.032636295799272595,-0.2510471324581529,2.876595599351346,0.37764595574593907,2.824591347445766,0.9988888888888888,0.004893936787898937,1.0,30,iris,39
"{'grid_scale': 4.0, 'beacon_radius': 6, 'local_beacon_cap': 8, 'n_marker_agents': 3, 'n_transporter_agents': 20, 'tau_percentile': 25, 'iterations': 2500}",0.08436684324279103,0.009002920873396868,0.08301312257267553,0.3840774145884168,0.015584652835058612,0.3832803733998015,-0.2573892225064856,0.022943114078903527,-0.2611823800041716,2.9363632334663268,0.3593221100793187,2.9253426139267193,0.9988888888888889,0.004893936787898933,1.0,30,iris,41
"{'grid_scale': 4.0, 'beacon_radius': 6, 'local_beacon_cap': 5, 'n_marker_agents': 3, 'n_transporter_agents': 20, 'tau_percentile': 15, 'iterations': 2500}",0.08340907956457363,0.011663386515141068,0.08230184094866835,0.3825795878501978,0.01569249241319099,0.3882902129916648,-0.29348205311845715,0.03340291221139211,-0.28862147214986433,3.1259023134640116,0.3098026869578313,3.092534467129575,0.9984444444444445,0.007238443322178821,1.0,30,iris,22
"{'grid_scale': 4.0, 'beacon_radius': 6, 'local_beacon_cap': 8, 'n_marker_agents': 10, 'n_transporter_agents': 20, 'tau_percentile': 15, 'iterations': 2500}",0.08038981638044697,0.012384302530840833,0.07978356289067964,0.4042881475886386,0.013148244855371015,0.40495984299242627,-0.23591730751747592,0.028218523379585147,-0.23541349377193888,2.333734103797164,0.27580755923472333,2.264156151983496,1.0,0.0,1.0,30,iris,46
"{'grid_scale': 4.0, 'beacon_radius': 6, 'local_beacon_cap': 8, 'n_marker_agents': 20, 'n_transporter_agents': 10, 'tau_percentile': 15, 'iterations': 2500}",0.07948566280368666,0.010016928783801973,0.08021254696053182,0.4003696968935494,0.01246003199110139,0.39825798739610907,-0.24585611769824553,0.032216294130579234,-0.24865729245321025,2.391066410186336,0.2839515817020157,2.356891825495191,1.0,0.0,1.0,30,iris,50
"{'grid_scale': 4.0, 'beacon_radius': 6, 'local_beacon_cap': 8, 'n_marker_agents': 20, 'n_transporter_agents': 3, 'tau_percentile': 15, 'iterations': 2500}",0.07923531645916175,0.012157453213377007,0.07990893911116412,0.3978975309952228,0.015590947365667802,0.3998189220980162,-0.24475187266753123,0.029915642703906745,-0.2483791485134998,2.352576009432744,0.23730428535170683,2.3480299725995133,1.0,0.0,1.0,30,iris,48
"{'grid_scale': 4.0, 'beacon_radius': 6, 'local_beacon_cap': 8, 'n_marker_agents': 20, 'n_transporter_agents': 20, 'tau_percentile': 15, 'iterations': 2500}",0.07865668125731062,0.01202123954594474,0.07645225017700696,0.3991810811732185,0.016749063081582537,0.39779315858887404,-0.24390574797314668,0.0323114801164259,-0.23764400057991425,2.4477355684620923,0.4087192891636214,2.3589643827708233,1.0,0.0,1.0,30,iris,52
"{'grid_scale': 4.0, 'beacon_radius': 6, 'local_beacon_cap': 8, 'n_marker_agents': 10, 'n_transporter_agents': 3, 'tau_percentile': 15, 'iterations': 2500}",0.07730530609216418,0.013551869067014437,0.07741535263172192,0.40122470841965363,0.015776652920469224,0.40030746319430677,-0.24705397524747158,0.034772057128341,-0.24585971518337885,2.4331433214080542,0.2700923296017245,2.414930220301122,1.0,0.0,1.0,30,iris,42
"{'grid_scale': 4.0, 'beacon_radius': 6, 'local_beacon_cap': 8, 'n_marker_agents': 10, 'n_transporter_agents': 10, 'tau_percentile': 15, 'iterations': 2500}",0.07664542679666005,0.012793853257717548,0.07604053422417206,0.3986016334195143,0.014751589641776659,0.3997996804928091,-0.242415856246254,0.028285931061487427,-0.23897135209313708,2.3771283298306742,0.30707249646891505,2.3075618499295008,1.0,0.0,1.0,30,iris,44
"{'grid_scale': 4.0, 'beacon_radius': 6, 'local_beacon_cap': 8, 'n_marker_agents': 3, 'n_transporter_agents': 10, 'tau_percentile': 15, 'iterations': 2500}",0.07524163685518596,0.012846101505914758,0.07319013440855628,0.4025377166272756,0.016901605401673694,0.4057217512260592,-0.2458353188176154,0.02676768370829048,-0.24438496281815653,2.3696390486497365,0.2659994251150683,2.35502519118367,0.9982222222222222,0.004192880503136265,1.0,30,iris,38
"{'grid_scale': 4.0, 'beacon_radius': 6, 'local_beacon_cap': 8, 'n_marker_agents': 3, 'n_transporter_agents': 20, 'tau_percentile': 15, 'iterations': 2500}",0.07384777424233342,0.011196977903611984,0.07269590589800307,0.40180416669250446,0.015731433705109158,0.40119834882970207,-0.24625624823002779,0.02262978853004482,-0.24940234009822276,2.3950541728991355,0.235794352056273,2.4532972594732447,0.9997777777777778,0.001196703290474342,1.0,30,iris,40
"{'grid_scale': 4.0, 'beacon_radius': 6, 'local_beacon_cap': 8, 'n_marker_agents': 3, 'n_transporter_agents': 3, 'tau_percentile': 15, 'iterations': 2500}",0.07310331309886635,0.01278177159692435,0.07276609039914325,0.39903616819391197,0.016356525478092156,0.40436505777000303,-0.2443452383310797,0.02574732555593898,-0.2415356250989446,2.360024174396339,0.21350547107820167,2.3886428405347933,0.9991111111111111,0.003325917677132387,1.0,30,iris,36
